job_title,company_name,job_link,experience,salary,date_posted
Software Developer 2,Oracle,https://www.foundit.in/job/37155819,3-5,Not Disclosed,15 hours ago
Software Developer 3,Oracle,https://www.foundit.in/job/37155812,6-8,Not Disclosed,15 hours ago
Software Developer 3,Oracle,https://www.foundit.in/job/37155826,5-7,Not Disclosed,15 hours ago
Software Developer 3,Oracle,https://www.foundit.in/job/37155817,6-8,Not Disclosed,15 hours ago
Software Developer 4,Oracle,https://www.foundit.in/job/37155823,10-12,Not Disclosed,15 hours ago
Principal Software Developer,Oracle,https://www.foundit.in/job/37155810,8-10,Not Disclosed,15 hours ago
Software Developer 3 (UI),Oracle,https://www.foundit.in/job/37155832,3-5,Not Disclosed,15 hours ago
Software Developer 3,Oracle,https://www.foundit.in/job/37155814,6-10,Not Disclosed,15 hours ago
Software Developer 3,Oracle,https://www.foundit.in/job/37155830,3-5,Not Disclosed,15 hours ago
Software Developer,Oracle,https://www.foundit.in/job/37096063,3-5,Not Disclosed,2 days ago
Software Developer 3,Oracle,https://www.foundit.in/job/37096062,4-6,Not Disclosed,2 days ago
Software Developer 3,Oracle,https://www.foundit.in/job/37096041,5-7,Not Disclosed,2 days ago
Software Developer 3,Oracle,https://www.foundit.in/job/37096005,4-6,Not Disclosed,2 days ago
DevOps Engineer- Contract,Episode Six,https://www.foundit.in/job/36329043,5-7,Not Disclosed,26 days ago
DevOps Engineer,Luxoft India Llp,https://www.foundit.in/job/33754528,3-8,INR 14 - 20 LPA,19 days ago
DevOps Engineer,Tmf Group,https://www.foundit.in/job/34871927,5-9,Not Disclosed,27 days ago
DevOps Engineer,Mondelez,https://www.foundit.in/job/34949420,2-6,Not Disclosed,26 days ago
DevOps Engineer,Birlasoft Limited,https://www.foundit.in/job/33861965,10-12,Not Disclosed,Not specified
DevOps Engineer,Houghton Mifflin Harcourt,https://www.foundit.in/job/34960889,3-6,Not Disclosed,25 days ago
DevOps Engineer,InfoBeans,https://www.foundit.in/job/37116986,5-8,Not Disclosed,Not specified
DevOps Engineer,Aon,https://www.foundit.in/job/34841801,5-8,Not Disclosed,25 days ago
DevOps Engineer,Aon,https://www.foundit.in/job/34841327,5-8,Not Disclosed,25 days ago
DevOps Engineer,W3Global,https://www.foundit.in/job/37088691,4-6,Not Disclosed,2 days ago
DevOps Engineer,Q-Free,https://www.foundit.in/job/37047483,3-6,Not Disclosed,3 days ago
DevOps Engineer,Accenture services Pvt Ltd,https://www.foundit.in/job/37087672,3-5,Not Disclosed,2 days ago
DevOps Engineer,Tmf Group,https://www.foundit.in/job/34871909,5-9,Not Disclosed,27 days ago
Devops Engineer,RARR Technologies,https://www.foundit.in/job/34841146,5-8,Not Disclosed,Not specified
